{"count":1,"gauges":{},"self":29.898118399999998,"total":32.2536018,"children":{"AgentResetIfDone":{"count":1598,"self":0.021474,"total":0.021474,"children":null},"AgentSendState":{"count":1598,"self":0.0654882,"total":0.0986749,"children":{"CollectObservations":{"count":4797,"self":0.0331867,"total":0.0331867,"children":null}}},"DecideAction":{"count":1598,"self":2.18797,"total":2.1879698999999997,"children":null},"AcademyStep":{"count":1598,"self":0.0069406,"total":0.0069406,"children":null},"AgentAct":{"count":1598,"self":0.039427899999999995,"total":0.039427899999999995,"children":null}}}